MONTH,Column1,Haematology,General Coag,Haemophilia,Thrombophilia,Miscellaneous,AcuStar,PT,INR,PT50,APTT,APTT RATIO,APTT50,D-DIMER,FIB CLAUS,Fibrinogen Antigen,TT5,Anti-Xa,FVIII inhibitor Screen,FVIII Inhibitor Assay,FIX Inhibitor Screen,FX Inhibitor Screen,FX Inhibitor Assay,Apixiban,Dabigatran,Rivaroxaban,FII,FV,FVII,FVIII,FVIII Dade,FVIII Chromogenic,FVIII Refacto,FIX,FIX Dade,FX,Factor X:Ag,FX Chromogenic,FXI,FXI Dade,FXII,FXIII Antigen,HIT SCREEN,VWF RICOF,VWF antigen,VWF:CBA,VWF Activity,ADAMST13,CAT-ETP,ROTEM,PFA,Light transmission Platelet Aggregometry,Platelet Nucleotides,APC Ratio,Protein C,FreePS,AT,APTT Dade,APTT Lupus Screen Ratio,Liq AT,LACSR,LACCR,TOTALS,Multiplate aggregation
JANUARY 2010,1,2.00,2.00,0.00,0.00,,,1.00,1.00,,0.00,0.00,,0.00,0.00,0.00,0.00,0.00,0.00,0.00,,0.00,0.00,,,,0.00,0.00,0.00,0.00,0.00,,0.00,0.00,0.00,,0.00,0.00,0.00,0.00,0.00,0.00,,,0.00,,0.00,,,,,,,0.00,0.00,0.00,0.00,0.00,0.00,,0.00,0.00,2.00,
FEBRUARY 2010,2,17.00,13.00,0.00,4.00,,,4.00,0.00,,4.00,3.00,,0.00,1.00,0.00,1.00,0.00,0.00,0.00,,0.00,0.00,,,,0.00,0.00,0.00,0.00,0.00,,0.00,0.00,0.00,,0.00,0.00,0.00,0.00,0.00,0.00,,,0.00,,0.00,,,,,,,0.00,0.00,0.00,0.00,0.00,0.00,,0.00,0.00,17.00,
MARCH 2010,3,18.00,18.00,0.00,0.00,,,9.00,5.00,,2.00,2.00,,0.00,0.00,0.00,0.00,0.00,0.00,0.00,,0.00,0.00,,,,0.00,0.00,0.00,0.00,0.00,,0.00,0.00,0.00,,0.00,0.00,0.00,0.00,0.00,0.00,,,0.00,,0.00,,,,,,,0.00,0.00,0.00,0.00,0.00,0.00,,0.00,0.00,18.00,
APRIL 2010,4,9.00,9.00,0.00,0.00,,,5.00,4.00,,0.00,0.00,,0.00,0.00,0.00,0.00,0.00,0.00,0.00,,0.00,0.00,,,,0.00,0.00,0.00,0.00,0.00,,0.00,0.00,0.00,,0.00,0.00,0.00,0.00,0.00,0.00,,,0.00,,0.00,,,,,,,0.00,0.00,0.00,0.00,0.00,0.00,,0.00,0.00,9.00,
MAY 2010,5,21.00,12.00,9.00,0.00,,,6.00,5.00,,1.00,0.00,,0.00,0.00,0.00,0.00,0.00,0.00,0.00,,0.00,0.00,,,,0.00,0.00,0.00,0.00,0.00,,0.00,0.00,0.00,,0.00,0.00,0.00,0.00,0.00,0.00,,,0.00,,0.00,,,,,,,0.00,0.00,0.00,0.00,0.00,0.00,,0.00,0.00,21.00,
JUNE 2010,6,77.00,17.00,50.00,10.00,,,5.00,4.00,,1.00,1.00,,6.00,0.00,0.00,0.00,0.00,0.00,0.00,,1.00,1.00,,,,0.00,0.00,0.00,0.00,0.00,,0.00,0.00,0.00,,13.00,14.00,0.00,0.00,0.00,0.00,,,0.00,,0.00,,,,,,,0.00,0.00,0.00,0.00,0.00,0.00,,0.00,0.00,77.00,
JULY 2010,7,373.00,262.00,0.00,111.00,,,91.00,26.00,,71.00,69.00,,1.00,2.00,0.00,1.00,1.00,0.00,0.00,,0.00,0.00,,,,0.00,0.00,0.00,0.00,0.00,,0.00,0.00,0.00,,0.00,0.00,0.00,0.00,0.00,0.00,,,0.00,,0.00,,,,,,,4.00,4.00,4.00,6.00,0.00,0.00,,5.00,0.00,373.00,
AUGUST 2010,8,49241.00,46595.00,458.00,2188.00,,,14431.00,3062.00,,11006.00,10050.00,,835.00,727.00,0.00,306.00,153.00,0.00,0.00,,1.00,1.00,,,,12.00,0.00,20.00,0.00,0.00,,0.00,62.00,0.00,,0.00,0.00,68.00,0.00,22.00,30.00,,,97.00,,145.00,,,,,,,177.00,174.00,207.00,105.00,0.00,0.00,,500.00,144.00,49241.00,
SEPTEMBER 2010,9,48033.00,45913.00,299.00,1821.00,,,13627.00,2526.00,,11448.00,10499.00,,804.00,738.00,0.00,322.00,160.00,0.00,0.00,,1.00,1.00,,,,6.00,0.00,11.00,0.00,0.00,,0.00,38.00,0.00,,0.00,0.00,46.00,0.00,22.00,21.00,,,71.00,,80.00,,,,,,,158.00,212.00,224.00,98.00,0.00,0.00,,388.00,37.00,48033.00,
OCTOBER 2010,10,49393.00,47044.00, ,1909.00,,,14556.00,2784.00,,11605.00,10599.00,,889.00,686.00,0.00,345.00,142.00,0.00,0.00,,0.00,0.00,,,,10.00,2.00,13.00,10.00,1.00,,3.00,30.00,1.00,,0.00,0.00,27.00,1.00,6.00,16.00,,,105.00,,121.00,,,,,,,126.00,158.00,158.00,121.00,0.00,0.00,,387.00,29.00,49393.00,
NOVEMBER 2010,11,47379.00,44803.00,662.00,1914.00,,,15033.00,2568.00,,10014.00,9176.00,,839.00,742.00,0.00,243.00,151.00,0.00,0.00,,1.00,1.00,,,,0.00,0.00,15.00,1.00,0.00,,0.00,1.00,0.00,,18.00,18.00,1.00,0.00,0.00,4.00,,,131.00,,69.00,,,,,,,81.00,98.00,119.00,103.00,0.00,0.00,,391.00,92.00,47379.00,
DECEMBER 2010,12,44412.00,42559.00,353.00,1500.00,,,14139.00,2409.00,,9618.00,8777.00,,854.00,689.00,0.00,301.00,172.00,0.00,0.00,,1.00,1.00,,,,0.00,0.00,0.00,46.00,0.00,,0.00,0.00,0.00,,0.00,0.00,0.00,0.00,0.00,2.00,,,52.00,,10.00,,,,,,,66.00,78.00,93.00,106.00,0.00,0.00,,320.00,37.00,44412.00,
JANUARY 2011,13,46949.00,44777.00,329.00,1843.00,0.00,,15194.00,2649.00,,9960.00,9033.00,,894.00,784.00,0.00,304.00,167.00,0.00,0.00,,0.00,0.00,,,,0.00,0.00,0.00,4.00,0.00,0.00,0.00,1.00,0.00,0.00,0.00,0.00,4.00,0.00,1.00,0.00,0.00,,58.00,,13.00,0.00,0.00,0.00,0.00,0.00,0.00,93.00,95.00,0.00,145.00,0.00,0.00,,385.00,39.00,46949.00,
FEBRUARY 2011,14,44198.00,41955.00,262.00,1981.00,0.00,,14046.00,2410.00,,9460.00,8597.00,,791.00,723.00,0.00,296.00,125.00,0.00,0.00,,1.00,1.00,,,,0.00,0.00,0.00,0.00,0.00,0.00,0.00,2.00,0.00,0.00,1.00,1.00,1.00,0.00,2.00,0.00,0.00,,46.00,,7.00,0.00,0.00,0.00,0.00,0.00,0.00,91.00,114.00,2.00,114.00,0.00,0.00,,410.00,64.00,44198.00,
MARCH 2011,15,44653.00,44061.00,76.00,516.00,0.00,,14723.00,2489.00,,9588.00,9102.00,,890.00,548.00,0.00,167.00,165.00,0.00,0.00,,1.00,1.00,,,,0.00,0.00,0.00,0.00,0.00,0.00,0.00,1.00,0.00,0.00,0.00,0.00,0.00,0.00,0.00,0.00,0.00,,16.00,,3.00,0.00,0.00,0.00,0.00,0.00,0.00,22.00,24.00,0.00,27.00,0.00,0.00,,217.00,10.00,44653.00,
APRIL 2011,16,40669.00,40638.00,31.00,0.00,0.00,,14069.00,2264.00,,8864.00,8497.00,,767.00,566.00,0.00,94.00,112.00,0.00,0.00,,0.00,0.00,,,,0.00,0.00,0.00,4.00,0.00,0.00,0.00,1.00,0.00,0.00,0.00,0.00,1.00,0.00,0.00,0.00,0.00,,0.00,,0.00,0.00,0.00,0.00,0.00,0.00,0.00,0.00,0.00,0.00,0.00,0.00,0.00,,200.00,0.00,40669.00,
MAY 2011,17,42334.00,42304.00,11.00,19.00,0.00,,14260.00,2225.00,,9276.00,8904.00,,823.00,659.00,0.00,76.00,151.00,0.00,0.00,,1.00,1.00,,,,0.00,0.00,0.00,0.00,0.00,0.00,0.00,0.00,0.00,0.00,0.00,0.00,0.00,0.00,2.00,0.00,0.00,,1.00,,1.00,0.00,0.00,0.00,0.00,0.00,0.00,0.00,0.00,0.00,2.00,0.00,0.00,,202.00,2.00,42334.00,
JUNE 2011,18,45751.00,44796.00,315.00,640.00,0.00,,14947.00,2416.00,,9978.00,9385.00,,989.00,516.00,0.00,77.00,187.00,0.00,0.00,,1.00,1.00,,,,1.00,1.00,3.00,33.00,0.00,0.00,0.00,13.00,0.00,0.00,0.00,0.00,7.00,0.00,6.00,0.00,0.00,,19.00,,19.00,0.00,0.00,0.00,0.00,0.00,0.00,35.00,44.00,45.00,54.00,0.00,0.00,,181.00,12.00,45751.00,
JULY 2011,19,41499.00,38972.00,1210.00,1316.00,1.00,,18087.00,2275.00,,9266.00,2272.00,,833.00,545.00,0.00,66.00,167.00,0.00,0.00,,6.00,6.00,,,,13.00,5.00,15.00,83.00,6.00,0.00,0.00,46.00,8.00,11.00,17.00,17.00,30.00,7.00,8.00,18.00,0.00,,43.00,,41.00,1.00,0.00,0.00,0.00,0.00,0.00,60.00,74.00,107.00,145.00,0.00,0.00,,168.00,32.00,41499.00,
AUGUST 2011,20,38604.00,35958.00,1269.00,1347.00,30.00,,18125.00,2174.00,,8220.00,111.00,,644.00,460.00,0.00,41.00,101.00,0.00,0.00,,5.00,5.00,,,,7.00,3.00,13.00,107.00,2.00,0.00,0.00,43.00,1.00,5.00,39.00,39.00,31.00,3.00,14.00,9.00,1.00,,70.00,,69.00,0.00,7.00,0.00,12.00,7.00,4.00,77.00,80.00,110.00,133.00,0.00,0.00,,169.00,25.00,38604.00,
SEPTEMBER 2011,21,38617.00,35872.00,1278.00,1419.00,48.00,,18112.00,2415.00,,8458.00,108.00,,590.00,378.00,0.00,29.00,53.00,0.00,0.00,,6.00,6.00,,,,6.00,4.00,7.00,119.00,1.00,0.00,0.00,49.00,1.00,3.00,13.00,13.00,38.00,3.00,20.00,9.00,11.00,,67.00,,66.00,0.00,13.00,3.00,14.00,12.00,6.00,83.00,83.00,120.00,124.00,0.00,0.00,,183.00,38.00,38617.00,
OCTOBER 2011,22,40680.00,38049.00,1320.00,1223.00,88.00,,19159.00,2484.00,,9152.00,234.00,,691.00,433.00,0.00,73.00,50.00,0.00,0.00,,9.00,9.00,,,,7.00,5.00,9.00,113.00,5.00,1.00,0.00,51.00,4.00,4.00,35.00,35.00,39.00,5.00,31.00,14.00,8.00,,59.00,,57.00,2.00,16.00,19.00,25.00,14.00,12.00,62.00,68.00,84.00,96.00,0.00,0.00,,175.00,37.00,40680.00,
NOVEMBER 2011,23,38738.00,36091.00,1088.00,1449.00,95.00,,18460.00,2188.00,,8140.00,88.00,,659.00,434.00,0.00,46.00,90.00,6.00,3.00,,5.00,6.00,,,,6.00,6.00,9.00,89.00,4.00,0.00,0.00,43.00,4.00,4.00,15.00,16.00,40.00,9.00,18.00,11.00,12.00,,59.00,,57.00,1.00,10.00,22.00,28.00,18.00,13.00,83.00,88.00,100.00,118.00,0.00,0.00,,207.00,39.00,38738.00,
DECEMBER 2011,24,35185.00,33141.00,958.00,1003.00,55.00,,17013.00,2241.00,,7235.00,115.00,,626.00,316.00,0.00,22.00,86.00,15.00,2.00,,6.00,7.00,,,,2.00,3.00,5.00,75.00,1.00,0.00,0.00,56.00,0.00,1.00,17.00,17.00,36.00,1.00,13.00,7.00,3.00,,45.00,,45.00,3.00,4.00,15.00,17.00,10.00,5.00,61.00,63.00,76.00,78.00,0.00,0.00,,147.00,22.00,35185.00,
JANUARY 2012,25,38326.00,36132.00,954.00,1116.00,92.00,,18832.00,2365.00,0.00,7190.00,110.00,0.00,735.00,430.00,0.00,22.00,67.00,14.00,3.00,1.00,7.00,8.00,,,,3.00,1.00,3.00,95.00,2.00,0.00,0.00,38.00,1.00,0.00,24.00,24.00,29.00,1.00,11.00,13.00,7.00,0.00,57.00,,55.00,4.00,9.00,15.00,26.00,0.00,15.00,62.00,65.00,75.00,87.00,0.00,0.00,,175.00,27.00,38326.00,
FEBRUARY 2012,26,35787.00,33510.00,1226.00,907.00,119.00,,17530.00,2108.00,0.00,6894.00,143.00,0.00,547.00,329.00,0.00,38.00,64.00,12.00,2.00,1.00,5.00,6.00,,,,6.00,7.00,8.00,119.00,1.00,2.00,0.00,47.00,0.00,7.00,0.00,0.00,40.00,1.00,19.00,23.00,7.00,1.00,74.00,,73.00,0.00,16.00,28.00,35.00,0.00,16.00,45.00,48.00,59.00,78.00,0.00,0.00,,162.00,26.00,35787.00,
MARCH 2012,27,38485.00,35527.00,1503.00,1329.00,94.00,,18601.00,2267.00,0.00,7204.00,211.00,0.00,660.00,435.00,0.00,28.00,81.00,12.00,5.00,3.00,10.00,10.00,,,,14.00,3.00,23.00,107.00,3.00,3.00,0.00,50.00,11.00,13.00,74.00,74.00,40.00,0.00,19.00,11.00,10.00,43.00,53.00,,51.00,3.00,10.00,35.00,19.00,0.00,11.00,73.00,76.00,91.00,108.00,0.00,0.00,,197.00,30.00,38485.00,
APRIL 2012,28,36509.00,34085.00,1226.00,1080.00,83.00,,17758.00,2233.00,0.00,6935.00,136.00,0.00,580.00,476.00,0.00,29.00,64.00,14.00,6.00,1.00,6.00,6.00,,,,5.00,5.00,9.00,86.00,0.00,0.00,0.00,40.00,0.00,4.00,12.00,12.00,32.00,1.00,35.00,11.00,19.00,160.00,47.00,,1.00,4.00,8.00,19.00,22.00,0.00,13.00,64.00,67.00,68.00,103.00,0.00,0.00,,161.00,20.00,36509.00,
MAY 2012,29,40088.00,37248.00,1381.00,1358.00,66.00,,19254.00,2242.00,0.00,7657.00,167.00,0.00,652.00,438.00,0.00,29.00,40.00,14.00,7.00,0.00,11.00,11.00,,,,7.00,6.00,10.00,96.00,3.00,0.00,0.00,39.00,3.00,8.00,26.00,25.00,32.00,4.00,34.00,8.00,7.00,150.00,57.00,,0.00,3.00,11.00,16.00,16.00,0.00,8.00,80.00,82.00,111.00,129.00,0.00,0.00,,181.00,25.00,40088.00,
JUNE 2012,30,35707.00,33355.00,1107.00,1091.00,98.00,,17239.00,2269.00,0.00,6934.00,306.00,0.00,624.00,380.00,0.00,24.00,41.00,25.00,5.00,1.00,7.00,7.00,,,,3.00,6.00,8.00,69.00,3.00,0.00,0.00,39.00,1.00,4.00,21.00,21.00,38.00,2.00,14.00,9.00,7.00,113.00,40.00,,8.00,4.00,9.00,23.00,25.00,0.00,15.00,65.00,66.00,81.00,89.00,0.00,0.00,,160.00,20.00,35707.00,
JULY 2012,31,38759.00,35866.00,1406.00,1342.00,107.00,,18637.00,2581.00,0.00,6710.00,188.00,1.00,659.00,363.00,0.00,22.00,63.00,16.00,6.00,1.00,7.00,7.00,,,,8.00,6.00,12.00,113.00,3.00,1.00,0.00,50.00,3.00,9.00,36.00,34.00,47.00,3.00,32.00,14.00,8.00,8.00,74.00,,67.00,8.00,19.00,20.00,25.00,0.00,17.00,84.00,87.00,107.00,102.00,0.00,0.00,,192.00,24.00,38759.00,
AUGUST 2012,32,40199.00,37485.00,1327.00,1255.00,99.00,,19164.00,2763.00,0.00,7800.00,119.00,0.00,556.00,618.00,0.00,49.00,80.00,15.00,1.00,2.00,6.00,6.00,,,,8.00,10.00,13.00,94.00,3.00,0.00,0.00,44.00,2.00,10.00,16.00,16.00,38.00,3.00,29.00,12.00,7.00,0.00,67.00,,66.00,3.00,14.00,19.00,28.00,0.00,11.00,76.00,76.00,96.00,98.00,0.00,0.00,,198.00,18.00,40199.00,
SEPTEMBER 2012,33,35959.00,33852.00,992.00,975.00,121.00,,17714.00,2142.00,0.00,7193.00,116.00,0.00,568.00,372.00,0.00,21.00,74.00,7.00,1.00,4.00,4.00,4.00,,,,5.00,6.00,7.00,93.00,0.00,0.00,0.00,44.00,0.00,4.00,0.00,0.00,42.00,0.00,29.00,16.00,7.00,0.00,52.00,,52.00,6.00,12.00,20.00,23.00,10.00,17.00,55.00,57.00,72.00,71.00,0.00,0.00,,160.00,21.00,35959.00,
OCTOBER 2012,34,40396.00,37878.00,1088.00,1266.00,121.00,,19684.00,2738.00,0.00,7499.00,104.00,0.00,582.00,458.00,0.00,14.00,81.00,20.00,3.00,0.00,5.00,5.00,,,,10.00,12.00,12.00,95.00,1.00,9.00,0.00,35.00,1.00,8.00,19.00,19.00,32.00,1.00,36.00,11.00,12.00,0.00,49.00,,49.00,6.00,10.00,22.00,29.00,24.00,14.00,80.00,80.00,101.00,114.00,0.00,0.00,,184.00,17.00,40396.00,
NOVEMBER 2012,35,40388.00,37721.00,1199.00,1333.00,92.00,,19331.00,2774.00,1.00,8098.00,154.00,0.00,626.00,492.00,0.00,13.00,48.00,18.00,8.00,0.00,4.00,4.00,,,,10.00,7.00,15.00,95.00,5.00,1.00,0.00,64.00,5.00,3.00,12.00,12.00,38.00,5.00,24.00,13.00,8.00,0.00,47.00,,46.00,3.00,18.00,18.00,18.00,13.00,11.00,74.00,80.00,109.00,97.00,0.00,0.00,,204.00,22.00,40388.00,
DECEMBER 2012,36,37810.00,35974.00,837.00,910.00,61.00,,18771.00,2375.00,0.00,8165.00,136.00,0.00,544.00,471.00,0.00,20.00,43.00,14.00,0.00,0.00,1.00,1.00,,,,10.00,5.00,10.00,64.00,2.00,0.00,0.00,30.00,6.00,8.00,0.00,0.00,29.00,4.00,24.00,8.00,9.00,0.00,45.00,,44.00,1.00,3.00,16.00,14.00,10.00,5.00,54.00,56.00,80.00,82.00,0.00,0.00,,123.00,20.00,37810.00,
JANUARY 2013,37,45141.00,42164.00,1420.00,1418.00,118.00,2.00,21872.00,2648.00,0.00,9037.00,116.00,,602.00,524.00,0.00,21.00,57.00,8.00,2.00,1.00,3.00,3.00,,1.00,,11.00,12.00,17.00,98.00,0.00,2.00,0.00,56.00,0.00,13.00,12.00,12.00,49.00,0.00,59.00,22.00,6.00,,68.00,,70.00,6.00,14.00,28.00,27.00,17.00,12.00,87.00,87.00,124.00,104.00,0.00,0.00,,225.00,27.00,45141.00,
FEBRUARY 2013,38,38354.00,35687.00,1308.00,1192.00,114.00,8.00,18583.00,2266.00,0.00,7489.00,175.00,,587.00,438.00,0.00,36.00,87.00,17.00,9.00,2.00,5.00,5.00,,2.00,,9.00,10.00,11.00,101.00,1.00,2.00,0.00,48.00,1.00,11.00,23.00,23.00,44.00,0.00,25.00,16.00,6.00,,65.00,,64.00,7.00,15.00,22.00,22.00,18.00,14.00,67.00,69.00,86.00,103.00,0.00,0.00,,188.00,23.00,38354.00,
MARCH 2013,39,40639.00,38089.00,1160.00,1178.00,157.00,19.00,20274.00,2351.00,1.00,8016.00,152.00,,624.00,496.00,0.00,21.00,67.00,14.00,5.00,3.00,5.00,5.00,,0.00,,7.00,9.00,9.00,103.00,5.00,1.00,0.00,33.00,7.00,7.00,14.00,14.00,34.00,8.00,21.00,16.00,18.00,,71.00,,66.00,10.00,14.00,34.00,30.00,25.00,11.00,73.00,74.00,84.00,85.00,0.00,0.00,,189.00,32.00,40639.00,
APRIL 2013,40,41713.00,38948.00,1109.00,1494.00,111.00,7.00,20808.00,2292.00,0.00,7650.00,157.00,,671.00,596.00,0.00,24.00,71.00,21.00,2.00,0.00,3.00,3.00,,1.00,,8.00,9.00,14.00,97.00,2.00,4.00,0.00,47.00,3.00,6.00,13.00,13.00,35.00,3.00,28.00,13.00,15.00,,49.00,,48.00,8.00,6.00,14.00,27.00,20.00,13.00,82.00,89.00,119.00,124.00,0.00,0.00,,205.00,50.00,41713.00,
MAY 2013,41,40896.00,37915.00,1150.00,1662.00,111.00,1.00,19904.00,2338.00,0.00,7549.00,136.00,,621.00,606.00,0.00,38.00,73.00,25.00,4.00,3.00,4.00,4.00,,6.00,,7.00,6.00,13.00,97.00,3.00,1.00,0.00,49.00,3.00,6.00,10.00,10.00,29.00,3.00,24.00,13.00,1.00,,52.00,,50.00,6.00,10.00,28.00,23.00,11.00,10.00,97.00,100.00,129.00,122.00,1.00,1.00,,235.00,56.00,40896.00,
JUNE 2013,42,36563.00,34411.00,919.00,1086.00,97.00,3.00,18111.00,1992.00,0.00,7188.00,88.00,,624.00,522.00,0.00,11.00,47.00,20.00,3.00,3.00,0.00,0.00,,5.00,,2.00,2.00,7.00,68.00,2.00,6.00,0.00,34.00,2.00,1.00,0.00,0.00,22.00,2.00,16.00,9.00,2.00,,37.00,,34.00,4.00,9.00,14.00,18.00,14.00,13.00,59.00,62.00,80.00,69.00,0.00,0.00,,174.00,54.00,36563.00,
JULY 2013,43,39769.00,38343.00,790.00,498.00,91.00,2.00,20424.00,1925.00,0.00,7563.00,116.00,,666.00,633.00,0.00,15.00,67.00,18.00,6.00,3.00,0.00,0.00,,0.00,,6.00,7.00,6.00,68.00,0.00,1.00,0.00,35.00,0.00,5.00,0.00,0.00,22.00,0.00,24.00,27.00,3.00,,49.00,,44.00,5.00,9.00,26.00,21.00,11.00,8.00,21.00,26.00,49.00,65.00,0.00,0.00,,149.00,10.00,39769.00,
AUGUST 2013,44,36135.00,33511.00,1084.00,1427.00,70.00,4.00,17467.00,2021.00,0.00,6356.00,116.00,,538.00,632.00,0.00,12.00,74.00,19.00,1.00,0.00,0.00,0.00,,0.00,,9.00,11.00,12.00,111.00,0.00,10.00,0.00,31.00,2.00,11.00,0.00,0.00,30.00,2.00,22.00,15.00,3.00,,49.00,,46.00,4.00,7.00,25.00,15.00,4.00,7.00,78.00,93.00,95.00,142.00,0.00,0.00,,203.00,38.00,36135.00,
SEPTEMBER 2013,45,37936.00,35215.00,1334.00,1258.00,91.00,10.00,18312.00,2229.00,0.00,7059.00,176.00,,556.00,557.00,0.00,12.00,76.00,12.00,2.00,2.00,0.00,0.00,,1.00,,9.00,11.00,12.00,135.00,0.00,6.00,0.00,52.00,1.00,11.00,0.00,0.00,38.00,1.00,28.00,18.00,15.00,,64.00,,61.00,4.00,7.00,22.00,22.00,7.00,11.00,70.00,71.00,85.00,112.00,0.00,0.00,,190.00,47.00,37936.00,
OCTOBER 2013,46,41700.00,38930.00,1186.00,1429.00,106.00,6.00,20533.00,2312.00,0.00,7396.00,142.00,,662.00,552.00,0.00,16.00,81.00,19.00,3.00,3.00,0.00,0.00,,3.00,,8.00,7.00,9.00,102.00,1.00,6.00,0.00,49.00,2.00,11.00,0.00,0.00,39.00,2.00,24.00,14.00,12.00,,62.00,,59.00,5.00,12.00,30.00,19.00,9.00,10.00,76.00,77.00,101.00,159.00,3.00,2.00,,215.00,37.00,41700.00,
NOVEMBER 2013,47,37798.00,34992.00,1188.00,1488.00,87.00,1.00,18484.00,2040.00,0.00,6752.00,95.00,,567.00,648.00,0.00,14.00,123.00,18.00,2.00,4.00,0.00,0.00,,0.00,,8.00,10.00,11.00,105.00,2.00,6.00,0.00,44.00,0.00,9.00,0.00,0.00,32.00,0.00,16.00,12.00,2.00,,67.00,,63.00,7.00,7.00,27.00,14.00,6.00,14.00,65.00,68.00,104.00,111.00,180.00,184.00,,205.00,44.00,37798.00,
DECEMBER 2013,48,37292.00,34883.00,991.00,1303.00,78.00,7.00,18508.00,2130.00,0.00,6486.00,99.00,,579.00,580.00,0.00,17.00,141.00,13.00,3.00,1.00,0.00,0.00,,1.00,,7.00,6.00,9.00,78.00,0.00,2.00,0.00,33.00,0.00,9.00,0.00,0.00,36.00,0.00,32.00,11.00,8.00,,47.00,,45.00,6.00,9.00,28.00,11.00,5.00,8.00,72.00,72.00,84.00,125.00,154.00,155.00,,154.00,30.00,37292.00,
JANUARY 2014,49,40481.00,37794.00,1003.00,1567.00,77.00,3.00,20135.00,2183.00,0.00,6991.00,92.00,0.00,630.00,599.00,0.00,10.00,124.00,15.00,4.00,3.00,,,,1.00,0.00,4.00,3.00,11.00,83.00,2.00,5.00,0.00,44.00,2.00,5.00,,,27.00,2.00,18.00,18.00,3.00,0.00,38.00,,36.00,5.00,6.00,20.00,18.00,3.00,12.00,78.00,79.00,118.00,134.00,204.00,206.00,,205.00,28.00,40481.00,
FEBRUARY 2014,50,36280.00,33998.00,907.00,1272.00,68.00,4.00,18085.00,2034.00,0.00,6242.00,143.00,0.00,628.00,505.00,0.00,5.00,60.00,13.00,5.00,0.00,,,,0.00,0.00,6.00,4.00,3.00,76.00,2.00,9.00,0.00,36.00,2.00,3.00,,,26.00,2.00,13.00,13.00,3.00,0.00,54.00,,52.00,7.00,7.00,12.00,13.00,4.00,10.00,59.00,64.00,66.00,103.00,181.00,181.00,,181.00,43.00,36280.00,
MARCH 2014,51,39848.00,37343.00,1151.00,1192.00,104.00,13.00,19691.00,2288.00,0.00,7223.00,167.00,0.00,654.00,578.00,4.00,7.00,81.00,18.00,8.00,1.00,,,,3.00,0.00,4.00,3.00,6.00,130.00,2.00,4.00,0.00,37.00,2.00,4.00,,,33.00,2.00,10.00,13.00,12.00,0.00,80.00,,83.00,10.00,10.00,32.00,17.00,0.00,18.00,50.00,55.00,101.00,95.00,157.00,157.00,,158.00,34.00,39848.00,
APRIL 2014,52,38730.00,35868.00,1371.00,1357.00,105.00,7.00,18937.00,1932.00,0.00,6552.00,101.00,0.00,632.00,543.00,1.00,34.00,64.00,9.00,1.00,3.00,,,,0.00,0.00,8.00,9.00,6.00,129.00,0.00,6.00,0.00,59.00,0.00,5.00,,,66.00,0.00,26.00,17.00,7.00,0.00,60.00,,59.00,9.00,13.00,27.00,14.00,2.00,16.00,64.00,66.00,82.00,98.00,191.00,191.00,,191.00,50.00,38730.00,
MAY 2014,53,38523.00,35778.00,1088.00,1534.00,83.00,11.00,18843.00,2110.00,0.00,6924.00,134.00,0.00,585.00,633.00,0.00,26.00,59.00,13.00,3.00,0.00,,,,3.00,2.00,4.00,5.00,7.00,89.00,0.00,2.00,0.00,45.00,0.00,4.00,,,40.00,2.00,30.00,16.00,10.00,0.00,42.00,,42.00,9.00,12.00,20.00,9.00,5.00,11.00,77.00,80.00,101.00,119.00,205.00,205.00,,205.00,44.00,38523.00,15.00
JUNE 2014,54,40149.00,37090.00,1329.00,1565.00,105.00,32.00,19489.00,2261.00,0.00,7329.00,114.00,0.00,581.00,615.00,0.00,4.00,66.00,11.00,5.00,1.00,,,,0.00,0.00,5.00,4.00,8.00,116.00,1.00,0.00,0.00,64.00,1.00,3.00,,,50.00,2.00,28.00,15.00,6.00,24.00,55.00,,26.00,12.00,8.00,30.00,21.00,1.00,15.00,66.00,69.00,95.00,118.00,231.00,232.00,,232.00,54.00,40149.00,14.00
JULY 2014,55,42159.00,39184.00,1325.00,1449.00,106.00,63.00,20318.00,2624.00,0.00,7508.00,101.00,0.00,583.00,623.00,0.00,23.00,90.00,14.00,3.00,1.00,,,,1.00,4.00,9.00,7.00,13.00,118.00,3.00,4.00,0.00,55.00,4.00,9.00,,,47.00,3.00,24.00,19.00,8.00,53.00,56.00,,0.00,8.00,14.00,29.00,17.00,3.00,19.00,72.00,77.00,94.00,137.00,181.00,181.00,,181.00,37.00,42159.00,17.00
AUGUST 2014,56,38544.00,36137.00,998.00,1244.00,53.00,54.00,18560.00,2677.00,0.00,7367.00,140.00,0.00,524.00,499.00,0.00,6.00,99.00,25.00,9.00,0.00,,,,2.00,7.00,9.00,5.00,8.00,117.00,3.00,7.00,0.00,33.00,0.00,7.00,,,27.00,0.00,3.00,6.00,3.00,48.00,51.00,,0.00,4.00,4.00,21.00,6.00,1.00,8.00,68.00,72.00,82.00,129.00,144.00,143.00,,145.00,21.00,38544.00,8.00
SEPTEMBER 2014,57,39951.00,36997.00,1484.00,1234.00,124.00,80.00,18605.00,2661.00,0.00,7604.00,104.00,0.00,500.00,456.00,0.00,7.00,41.00,19.00,5.00,0.00,,,,2.00,2.00,8.00,10.00,9.00,175.00,1.00,5.00,0.00,57.00,2.00,8.00,,,58.00,3.00,26.00,20.00,10.00,67.00,72.00,,1.00,9.00,20.00,31.00,15.00,3.00,20.00,68.00,70.00,96.00,106.00,143.00,144.00,,144.00,27.00,39951.00,25.00
OCTOBER 2014,58,54035.00,51128.00,1252.00,1480.00,78.00,52.00,25035.00,2638.00,0.00,8380.00,169.00,0.00,407.00,521.00,0.00,18.00,92.00,25.00,6.00,1.00,,,,3.00,0.00,11.00,11.00,11.00,106.00,2.00,3.00,0.00,58.00,3.00,12.00,,,47.00,3.00,14.00,9.00,11.00,40.00,44.00,,0.00,7.00,6.00,32.00,7.00,0.00,8.00,72.00,74.00,92.00,150.00,186.00,186.00,,186.00,37.00,54035.00,13.00
NOVEMBER 2014,59,49923.00,47536.00,1010.00,1230.00,70.00,41.00,23297.00,2012.00,0.00,6394.00,186.00,0.00,305.00,410.00,0.00,53.00,47.00,20.00,2.00,1.00,,,,4.00,4.00,4.00,6.00,7.00,88.00,1.00,1.00,0.00,44.00,1.00,6.00,,,32.00,2.00,22.00,13.00,12.00,39.00,48.00,,0.00,6.00,5.00,13.00,13.00,2.00,12.00,59.00,70.00,80.00,116.00,135.00,159.00,,152.00,24.00,49923.00,18.00
DECEMBER 2014,60,30462.00,27636.00,1310.00,1332.00,61.00,52.00,13129.00,2747.00,0.00,6985.00,258.00,3.00,430.00,418.00,0.00,104.00,46.00,23.00,9.00,1.00,,,,2.00,1.00,7.00,14.00,15.00,125.00,5.00,6.00,0.00,48.00,5.00,8.00,,,39.00,5.00,38.00,13.00,10.00,48.00,56.00,,0.00,4.00,6.00,17.00,15.00,1.00,10.00,59.00,81.00,85.00,126.00,151.00,151.00,,164.00,29.00,30462.00,18.00
JANUARY 2015,61,22224.00,20008.00,1002.00,1098.00,48.00,31.00,9472.00,2743.00,0.00,5246.00,136.00,0.00,361.00,353.00,0.00,34.00,36.00,16.00,1.00,1.00,0.00,0.00,0.00,0.00,,6.00,8.00,11.00,85.00,7.00,1.00,0.00,50.00,7.00,7.00,,0.00,38.00,2.00,17.00,1.00,7.00,29.00,34.00,,,9.00,1.00,16.00,12.00,0.00,10.00,44.00,56.00,71.00,127.00,8.00,127.00,0.00,137.00,24.00,22224.00,17.00
FEBRUARY 2015,62,26378.00,23425.00,1157.00,1655.00,69.00,54.00,11095.00,3003.00,0.00,6564.00,82.00,0.00,478.00,483.00,0.00,50.00,154.00,8.00,2.00,0.00,0.00,0.00,0.00,0.00,,26.00,19.00,22.00,100.00,2.00,13.00,0.00,40.00,2.00,8.00,,1.00,48.00,3.00,30.00,14.00,7.00,46.00,55.00,,,4.00,6.00,24.00,14.00,0.00,21.00,70.00,75.00,88.00,119.00,203.00,190.00,0.00,193.00,42.00,26378.00,19.00
MARCH 2015,63,31838.00,28020.00,1009.00,2645.00,56.00,59.00,13295.00,3382.00,0.00,6828.00,183.00,0.00,562.00,529.00,0.00,58.00,179.00,24.00,4.00,0.00,0.00,0.00,0.00,6.00,,7.00,8.00,8.00,120.00,1.00,4.00,0.00,45.00,1.00,3.00,,0.00,42.00,1.00,12.00,3.00,8.00,53.00,55.00,,,8.00,1.00,23.00,12.00,1.00,11.00,99.00,142.00,154.00,212.00,296.00,295.00,4.00,303.00,68.00,31838.00,18.00
APRIL 2015,64,38719.00,35365.00,1048.00,2112.00,63.00,63.00,16898.00,3244.00,0.00,6835.00,216.00,0.00,511.00,819.00,0.00,61.00,80.00,25.00,5.00,0.00,0.00,0.00,0.00,0.00,,8.00,8.00,12.00,117.00,0.00,4.00,0.00,41.00,0.00,8.00,,0.00,37.00,0.00,26.00,4.00,9.00,62.00,62.00,,,7.00,2.00,25.00,11.00,0.00,18.00,77.00,108.00,115.00,152.00,266.00,265.00,1.00,267.00,28.00,38719.00,25.00
MAY 2015,65,36974.00,34005.00,1022.00,1801.00,55.00,61.00,16190.00,3424.00,0.00,6927.00,155.00,0.00,406.00,925.00,0.00,34.00,56.00,18.00,2.00,0.00,0.00,0.00,0.00,2.00,,10.00,6.00,10.00,125.00,1.00,18.00,0.00,35.00,0.00,8.00,,0.00,28.00,0.00,17.00,12.00,6.00,55.00,61.00,,,2.00,7.00,17.00,11.00,6.00,12.00,63.00,90.00,98.00,125.00,234.00,231.00,1.00,234.00,24.00,36974.00,19.00
JUNE 2015,66,39011.00,35528.00,1137.00,2188.00,75.00,45.00,17021.00,3357.00,1.00,6853.00,175.00,0.00,489.00,598.00,2.00,83.00,109.00,20.00,4.00,0.00,0.00,0.00,0.00,2.00,,13.00,12.00,16.00,125.00,0.00,11.00,0.00,65.00,0.00,13.00,,0.00,57.00,0.00,33.00,5.00,9.00,43.00,65.00,,,16.00,8.00,21.00,13.00,1.00,16.00,75.00,119.00,116.00,163.00,269.00,260.00,13.00,273.00,41.00,39011.00,24.00
JULY 2015,67,39253.00,35996.00,1047.00,2024.00,87.00,64.00,17447.00,3428.00,0.00,6968.00,200.00,0.00,506.00,523.00,0.00,39.00,59.00,16.00,7.00,0.00,0.00,0.00,0.00,1.00,,9.00,10.00,12.00,106.00,0.00,9.00,0.00,37.00,0.00,15.00,,1.00,29.00,0.00,24.00,16.00,9.00,63.00,63.00,,,13.00,6.00,32.00,17.00,0.00,19.00,73.00,93.00,111.00,132.00,255.00,252.00,10.00,295.00,34.00,39253.00,33.00
AUGUST 2015,68,35498.00,32828.00,803.00,1731.00,49.00,57.00,15762.00,3225.00,0.00,6935.00,64.00,0.00,419.00,636.00,0.00,77.00,68.00,12.00,3.00,0.00,0.00,0.00,0.00,0.00,,2.00,3.00,5.00,100.00,0.00,15.00,6.00,34.00,0.00,4.00,,0.00,30.00,0.00,16.00,6.00,11.00,55.00,57.00,,,6.00,1.00,17.00,9.00,1.00,15.00,48.00,80.00,97.00,131.00,222.00,221.00,20.00,222.00,34.00,35498.00,24.00
SEPTEMBER 2015,69,38730.00,35706.00,1124.00,1761.00,53.00,56.00,16863.00,4032.00,0.00,7086.00,85.00,0.00,472.00,652.00,0.00,51.00,104.00,13.00,2.00,0.00,1.00,1.00,2.00,2.00,,3.00,32.00,8.00,132.00,0.00,7.00,5.00,44.00,0.00,3.00,,0.00,43.00,1.00,30.00,4.00,9.00,53.00,62.00,,,9.00,2.00,20.00,10.00,0.00,12.00,59.00,82.00,80.00,127.00,234.00,232.00,16.00,234.00,17.00,38730.00,19.00
OCTOBER 2015,70,38481.00,35075.00,1184.00,2063.00,66.00,58.00,16593.00,3696.00,0.00,7365.00,170.00,0.00,444.00,723.00,0.00,53.00,145.00,19.00,4.00,0.00,0.00,0.00,4.00,0.00,1.00,11.00,13.00,20.00,110.00,0.00,11.00,5.00,50.00,1.00,20.00,,,44.00,1.00,20.00,12.00,9.00,51.00,64.00,,,8.00,4.00,23.00,8.00,3.00,20.00,51.00,93.00,113.00,142.00,282.00,270.00,14.00,283.00,41.00,38481.00,23.00
NOVEMBER 2015,71,36134.00,33143.00,1146.00,1629.00,86.00,73.00,15853.00,3364.00,0.00,6977.00,126.00,0.00,415.00,754.00,0.00,51.00,54.00,23.00,13.00,0.00,0.00,0.00,4.00,2.00,6.00,3.00,2.00,5.00,152.00,2.00,19.00,2.00,57.00,1.00,2.00,0.00,0.00,37.00,1.00,13.00,10.00,6.00,69.00,72.00,,,27.00,5.00,20.00,9.00,0.00,25.00,46.00,67.00,75.00,110.00,223.00,223.00,18.00,223.00,38.00,36134.00,37.00
DECEMBER 2015,72,36913.00,34114.00,880.00,1780.00,50.00,49.00,16187.00,3385.00,0.00,6936.00,101.00,0.00,441.00,701.00,0.00,56.00,65.00,15.00,10.00,0.00,0.00,0.00,1.00,0.00,4.00,4.00,7.00,12.00,93.00,0.00,3.00,8.00,40.00,0.00,8.00,0.00,0.00,28.00,0.00,24.00,13.00,7.00,48.00,48.00,,,9.00,7.00,15.00,9.00,1.00,10.00,52.00,71.00,119.00,119.00,220.00,220.00,53.00,220.00,37.00,36913.00,40.00
JANUARY 2016,73,37135.00,33999.00,989.00,1983.00,60.00,48.00,15648.00,3792.00,0.00,7257.00,140.00,0.00,536.00,900.00,0.00,50.00,80.00,21.00,11.00,0.00,0.00,0.00,0.00,1.00,2.00,8.00,10.00,19.00,100.00,0.00,8.00,8.00,37.00,0.00,15.00,0.00,0.00,31.00,0.00,22.00,7.00,6.00,47.00,48.00,,,13.00,3.00,23.00,12.00,0.00,12.00,55.00,86.00,93.00,148.00,269.00,266.00,24.00,269.00,36.00,37135.00,20.00
FEBRUARY 2016,74,35376.00,31372.00,1384.00,2472.00,63.00,66.00,13111.00,4054.00,0.00,6961.00,180.00,0.00,524.00,812.00,0.00,51.00,100.00,12.00,7.00,0.00,0.00,0.00,2.00,0.00,5.00,20.00,18.00,22.00,131.00,0.00,14.00,25.00,51.00,0.00,21.00,0.00,0.00,51.00,0.00,40.00,5.00,6.00,58.00,58.00,,,9.00,7.00,21.00,9.00,0.00,14.00,79.00,110.00,124.00,154.00,324.00,316.00,25.00,326.00,72.00,35376.00,20.00
MARCH 2016,75,35402.00,31839.00,1541.00,1847.00,66.00,72.00,13646.00,3758.00,0.00,7182.00,71.00,0.00,585.00,730.00,0.00,30.00,75.00,17.00,13.00,0.00,0.00,0.00,1.00,0.00,4.00,14.00,16.00,20.00,172.00,0.00,8.00,17.00,55.00,0.00,21.00,0.00,0.00,56.00,0.00,18.00,10.00,1.00,72.00,84.00,,,12.00,3.00,11.00,6.00,0.00,23.00,58.00,76.00,89.00,110.00,263.00,255.00,8.00,271.00,32.00,35402.00,28.00
APRIL 2016,76,32726.00,28572.00,1910.00,2000.00,88.00,96.00,12103.00,3473.00,1.00,6269.00,149.00,0.00,528.00,617.00,0.00,40.00,78.00,28.00,4.00,0.00,0.00,0.00,3.00,0.00,4.00,23.00,25.00,28.00,193.00,0.00,8.00,14.00,77.00,0.00,28.00,0.00,0.00,61.00,0.00,40.00,20.00,4.00,96.00,93.00,,,19.00,5.00,23.00,20.00,0.00,16.00,41.00,87.00,90.00,127.00,291.00,284.00,8.00,295.00,51.00,32726.00,36.00
MAY 2016,77,34689.00,30710.00,1630.00,2164.00,81.00,64.00,13065.00,3742.00,0.00,7074.00,115.00,0.00,549.00,782.00,0.00,39.00,104.00,23.00,2.00,0.00,0.00,0.00,9.00,5.00,7.00,22.00,26.00,29.00,173.00,0.00,8.00,4.00,66.00,0.00,29.00,0.00,0.00,64.00,0.00,27.00,10.00,13.00,63.00,62.00,,,25.00,6.00,27.00,8.00,0.00,14.00,59.00,96.00,114.00,123.00,305.00,295.00,8.00,308.00,51.00,34689.00,16.00
JUNE 2016,78,36153.00,31630.00,2153.00,2132.00,90.00,104.00,13566.00,723.00,0.00,7282.00,171.00,0.00,548.00,723.00,0.00,45.00,84.00,31.00,8.00,0.00,0.00,0.00,0.00,2.00,2.00,21.00,23.00,29.00,222.00,0.00,9.00,6.00,94.00,0.00,24.00,0.00,0.00,82.00,0.00,55.00,19.00,6.00,100.00,103.00,,,16.00,4.00,20.00,4.00,0.00,29.00,62.00,95.00,101.00,124.00,311.00,303.00,1.00,309.00,35.00,36153.00,32.00
JULY 2016,79,33602.00,29618.00,1989.00,1804.00,81.00,74.00,12523.00,3794.00,1.00,7112.00,95.00,0.00,456.00,750.00,0.00,41.00,102.00,23.00,9.00,4.00,0.00,0.00,0.00,0.00,2.00,20.00,20.00,21.00,182.00,0.00,20.00,10.00,92.00,0.00,27.00,0.00,0.00,87.00,0.00,32.00,15.00,7.00,69.00,74.00,,,11.00,8.00,18.00,12.00,0.00,31.00,44.00,67.00,69.00,85.00,295.00,286.00,1.00,296.00,29.00,33602.00,30.00
AUGUST 2016,80,36517.00,31886.00,1926.00,2424.00,107.00,110.00,13746.00,3429.00,1.00,7643.00,382.00,0.00,475.00,738.00,0.00,51.00,94.00,34.00,11.00,2.00,0.00,0.00,1.00,0.00,1.00,19.00,18.00,23.00,182.00,6.00,11.00,13.00,73.00,2.00,19.00,0.00,0.00,74.00,1.00,46.00,16.00,19.00,102.00,108.00,,,19.00,9.00,30.00,17.00,0.00,29.00,62.00,127.00,128.00,137.00,340.00,332.00,0.00,339.00,52.00,36517.00,34.00
SEPTEMBER 2016,81,33699.00,29906.00,1626.00,1931.00,107.00,88.00,12683.00,3548.00,1.00,7032.00,232.00,0.00,471.00,817.00,0.00,51.00,104.00,16.00,15.00,1.00,0.00,0.00,0.00,7.00,0.00,17.00,21.00,20.00,155.00,0.00,6.00,13.00,57.00,0.00,17.00,0.00,0.00,63.00,0.00,36.00,14.00,15.00,88.00,88.00,,,2.00,16.00,34.00,14.00,0.00,41.00,65.00,90.00,91.00,114.00,266.00,261.00,0.00,264.00,46.00,33699.00,35.00
OCTOBER 2016,82,35591.00,31100.00,2124.00,2059.00,129.00,112.00,13208.00,3888.00,0.00,7681.00,170.00,0.00,501.00,784.00,0.00,41.00,118.00,18.00,19.00,2.00,0.00,0.00,1.00,4.00,4.00,35.00,27.00,34.00,208.00,0.00,6.00,5.00,82.00,1.00,39.00,0.00,0.00,67.00,1.00,38.00,23.00,5.00,110.00,105.00,,,5.00,19.00,34.00,19.00,0.00,54.00,54.00,100.00,100.00,119.00,296.00,295.00,6.00,298.00,34.00,35591.00,36.00
NOVEMBER 2016,83,35555.00,31339.00,1747.00,2222.00,128.00,81.00,13419.00,3560.00,0.00,7565.00,328.00,0.00,475.00,850.00,0.00,48.00,101.00,26.00,10.00,1.00,0.00,0.00,3.00,2.00,5.00,15.00,14.00,25.00,181.00,7.00,9.00,8.00,73.00,7.00,15.00,0.00,0.00,69.00,0.00,56.00,13.00,6.00,79.00,80.00,18.00,,13.00,26.00,27.00,18.00,0.00,44.00,58.00,103.00,107.00,116.00,327.00,321.00,7.00,326.00,45.00,35555.00,35.00
DECEMBER 2016,84,33623.00,30197.00,1216.00,1994.00,85.00,77.00,12606.00,3756.00,0.00,7540.00,219.00,0.00,448.00,899.00,0.00,33.00,176.00,32.00,14.00,0.00,0.00,0.00,10.00,4.00,5.00,5.00,11.00,12.00,123.00,0.00,18.00,9.00,57.00,0.00,6.00,0.00,0.00,42.00,0.00,26.00,14.00,18.00,64.00,64.00,10.00,,9.00,9.00,26.00,13.00,0.00,26.00,65.00,81.00,84.00,101.00,295.00,291.00,1.00,294.00,46.00,33623.00,16.00
JANUARY 2017,85,37131.00,32919.00,1748.00,2168.00,123.00,102.00,13633.00,4273.00,0.00,7953.00,366.00,0.00,569.00,858.00,0.00,60.00,152.00,38.00,17.00,0.00,0.00,0.00,3.00,1.00,5.00,18.00,20.00,23.00,187.00,7.00,22.00,8.00,62.00,5.00,20.00,0.00,0.00,53.00,5.00,44.00,21.00,11.00,95.00,98.00,5.00,,5.00,21.00,33.00,18.00,0.00,42.00,61.00,94.00,94.00,110.00,321.00,321.00,9.00,321.00,45.00,37131.00,34.00
FEBRUARY 2017,86,33396.00,29212.00,1584.00,2335.00,118.00,93.00,12005.00,3736.00,0.00,7118.00,473.00,0.00,499.00,765.00,0.00,56.00,192.00,28.00,14.00,0.00,0.00,0.00,0.00,0.00,6.00,16.00,22.00,25.00,158.00,0.00,21.00,5.00,54.00,0.00,23.00,0.00,0.00,43.00,0.00,47.00,20.00,6.00,86.00,86.00,6.00,,8.00,15.00,28.00,17.00,0.00,47.00,71.00,118.00,118.00,142.00,319.00,318.00,23.00,322.00,31.00,33396.00,34.00
MARCH 2017,87,37667.00,32552.00,2237.00,2547.00,135.00,104.00,13492.00,3976.00,0.00,7950.00,397.00,0.00,776.00,841.00,0.00,55.00,127.00,46.00,15.00,0.00,0.00,0.00,0.00,2.00,1.00,23.00,22.00,28.00,245.00,0.00,28.00,14.00,79.00,0.00,23.00,0.00,0.00,67.00,0.00,68.00,17.00,11.00,100.00,100.00,4.00,,18.00,11.00,38.00,14.00,0.00,45.00,83.00,132.00,132.00,155.00,343.00,343.00,18.00,343.00,41.00,37667.00,37.00
APRIL 2017,88,32626.00,29108.00,1428.00,1865.00,85.00,81.00,11708.00,3872.00,0.00,7096.00,276.00,0.00,1042.00,735.00,0.00,40.00,113.00,37.00,5.00,9.00,0.00,0.00,1.00,0.00,2.00,11.00,10.00,16.00,152.00,0.00,26.00,10.00,58.00,0.00,21.00,0.00,0.00,41.00,0.00,30.00,5.00,10.00,78.00,78.00,3.00,,8.00,10.00,33.00,10.00,0.00,23.00,54.00,96.00,97.00,125.00,245.00,244.00,31.00,244.00,29.00,32626.00,21.00
MAY 2017,89,,,,,,,,,,,,,,,,,,,,,,,,,,,,,,,,,,,,,,,,,,,,,,,,,,,,,,,,,,,,,,,
,,,,,,,,,,,,,,,,,,,,,,,,,,,,,,,,,,,,,,,,,,,,,,,,,,,,,,,,,,,,,,,,
,,,,,,,,,,,,,,,,,,,,,,,,,,,,,,,,,,,,,,,,,,,,,,,,,,,,,,,,,,,,,,,,
,,,,,,,,,,,,,,,,,,,,,,,,,,,,,,,,,,,,,,,,,,,,,,,,,,,,,,,,,,,,,,,,
,,,,,,,,,,,,,,,,,,,,,,,,,,,,,,,,,,,,,,,,,,,,,,,,,,,,,,,,,,,,,,,,
,,,,,,,,,,,,,,,,,,,,,,,0.324909747,,,,,,,,,,,,,,,,,,,,,,,,,,,,,,,,,,,,,,,,,
,,,,,,,,,,,,,,,,,,,,,,,0.024993057,0.069230769,0.365,,,,,,,,,,,,,,,,,,,,,,,,,,,,,,,,,,,,,,,
,,,,,,,,,,,,,,,,,,,,,,,,6.923076923,1.01105,,,,,,,,,,,,,,,,,,,,,,,,,,,,,,,,,,,,,,,
